{"name":"eb34bd1e-2fb5-4bd0-8707-0d939e09fc4c","id":"/providers/Microsoft.Flow/flows/eb34bd1e-2fb5-4bd0-8707-0d939e09fc4c","type":"Microsoft.Flow/flows","properties":{"apiId":"/providers/Microsoft.PowerApps/apis/shared_logicflows","displayName":"Search in Documents","definition":{"metadata":{"workflowEntityId":null,"processAdvisorMetadata":null,"flowChargedByPaygo":null,"flowclientsuspensionreason":"None","flowclientsuspensiontime":null,"flowclientsuspensionreasondetails":null,"creator":{"id":"ddc02d42-c492-454d-94ce-778a07b5b8c6","type":"User","tenantId":"07446956-493d-42c8-ad05-e939cb52153f"},"provisioningMethod":"FromDefinition","failureAlertSubscription":true,"clientLastModifiedTime":"2023-07-14T20:17:04.5209907Z"},"$schema":"https://schema.management.azure.com/providers/Microsoft.Logic/schemas/2016-06-01/workflowdefinition.json#","contentVersion":"1.0.0.0","parameters":{"$connections":{"defaultValue":{},"type":"Object"},"$authentication":{"defaultValue":{},"type":"SecureObject"}},"triggers":{"manual":{"metadata":{"operationMetadataId":"ab87b832-d1f3-4b29-b407-7517cbbe3295"},"type":"Request","kind":"PowerAppV2","inputs":{"schema":{"type":"object","properties":{"text":{"title":"Search Text","type":"string","x-ms-dynamically-added":true,"description":"Search","x-ms-content-hint":"TEXT"},"text_1":{"title":"Row Limit","type":"string","x-ms-dynamically-added":true,"description":"Please enter your input","x-ms-content-hint":"TEXT"},"text_2":{"title":"Start Row","type":"string","x-ms-dynamically-added":true,"description":"Please enter your input","x-ms-content-hint":"TEXT"}},"required":["text","text_1","text_2"]}}}},"actions":{"Send_an_HTTP_request_to_SharePoint":{"runAfter":{},"metadata":{"operationMetadataId":"29c272dc-79fa-40c1-ad48-98070be62a26"},"type":"OpenApiConnection","inputs":{"host":{"apiId":"/providers/Microsoft.PowerApps/apis/shared_sharepointonline","connectionName":"shared_sharepointonline","operationId":"HttpRequest"},"parameters":{"dataset":"https://thepoweraddicts.sharepoint.com/sites/RDTech","parameters/method":"GET","parameters/uri":"/_api/search/query?querytext=%27*@{triggerBody()['text']}*%20contentclass:STS_ListItem_DocumentLibrary%20path:%22https://thepoweraddicts.sharepoint.com/sites/RDTech/Shared%20Documents*%22%20path:%22https://thepoweraddicts.sharepoint.com/sites/RDTech/doc/*%22%27&RowLimit=@{triggerBody()['text_1']}&STARTROW=@{triggerBody()['text_2']}&selectproperties=%27Title,listitemid,Author,size,path,PictureThumbnailURL,FileExtension,ViewsLifeTime,IsDocument,ServerRedirectedEmbedURL,ServerRedirectedPreviewURL,ServerRedirectedURL,FileType,FileName,DocumentLink%27","parameters/headers":{"Content-Type":"application/json","Accept":"application/json"}},"authentication":{"value":"@json(decodeBase64(triggerOutputs().headers['X-MS-APIM-Tokens']))['$ConnectionKey']","type":"Raw"}}},"Respond_to_a_PowerApp_or_flow":{"runAfter":{"Send_an_HTTP_request_to_SharePoint":["Succeeded"]},"metadata":{"operationMetadataId":"22be2f15-c45d-418f-a07c-d010d099c544"},"type":"Response","kind":"PowerApp","inputs":{"statusCode":200,"body":{"searchresults":"@{body('Send_an_HTTP_request_to_SharePoint')?['PrimaryQueryResult']?['RelevantResults']?['Table']?['Rows']}","totalrows":"@{body('Send_an_HTTP_request_to_SharePoint')?['PrimaryQueryResult']?['RelevantResults']?['TotalRows']}","rowcount":"@{body('Send_an_HTTP_request_to_SharePoint')?['PrimaryQueryResult']?['RelevantResults']?['RowCount']}"},"schema":{"type":"object","properties":{"searchresults":{"title":"searchresults","x-ms-dynamically-added":true,"type":"string"},"totalrows":{"title":"totalrows","x-ms-dynamically-added":true,"type":"string"},"rowcount":{"title":"rowcount","x-ms-dynamically-added":true,"type":"string"}}}}}}},"connectionReferences":{"shared_sharepointonline":{"connectionName":"0a751cc5951942b8a031c0ba3529d8f9","source":"Invoker","id":"/providers/Microsoft.PowerApps/apis/shared_sharepointonline","tier":"NotSpecified"}},"flowFailureAlertSubscribed":false,"isManaged":false}}