{"schemaVersion":"1.0","appDefinitionTemplate":{"id":"/providers/Microsoft.PowerApps/apps/","type":"Microsoft.PowerApps/apps","tags":{"primaryDeviceWidth":"1366","primaryDeviceHeight":"768","supportsPortrait":"true","supportsLandscape":"true","primaryFormFactor":"Tablet","publisherVersion":"3.23064.16","minimumRequiredApiVersion":"2.2.0","hasComponent":"false","hasUnlockedComponent":"false","isUnifiedRootApp":"false","sienaVersion":"20230714T201839Z-3.23064.16.0"},"properties":{"appVersion":"2023-07-14T20:18:39Z","lifeCycleId":"Published","createdByClientVersion":{"major":3,"minor":23064,"build":16,"revision":0,"majorRevision":0,"minorRevision":0},"minClientVersion":{"major":3,"minor":23064,"build":16,"revision":0,"majorRevision":0,"minorRevision":0},"backgroundColor":"RGBA(0,176,240,1)","backgroundImageUri":"/16650471457197447112/Nab037814-9465-4863-974a-7e5a32db864c-logoSmallFile","displayName":"Search in SharePoint Documents","description":"","commitMessage":"","appUris":{"documentUri":{"value":"/16650471457197447112/N75565a2d-ce70-4501-9c04-3dbc0726d941-document.msapp"},"imageUris":[],"additionalUris":[]},"createdTime":"0001-01-01T00:00:00Z","lastModifiedTime":"0001-01-01T00:00:00Z","sharedGroupsCount":0,"sharedUsersCount":0,"connectionReferences":{"5e70ea5f-960f-455b-b6d3-27f7f7bce4f5":{"id":"9024f1af-0b3d-4f67-b996-881a5468267e","displayName":"Logic flows","iconUri":"https://connectoricons-prod.azureedge.net/releases/v1.0.1636/1.0.1636.3297/logicflows/icon.png","dataSources":["SearchinDocuments"],"dependencies":["246f9a1e-cdd2-4603-affb-60abbe21ae53"],"dependents":[],"parameterHints":{"workflowName":{"value":"40241265-e050-4a49-8287-60ab27dcd19d"},"workflowEntityId":{},"246f9a1e-cdd2-4603-affb-60abbe21ae53":{"value":"shared_sharepointonline"}},"parameterHintsV2":{"workflowName":{"value":"40241265-e050-4a49-8287-60ab27dcd19d"},"workflowEntityId":{},"shared_sharepointonline":{"value":"246f9a1e-cdd2-4603-affb-60abbe21ae53"}},"isOnPremiseConnection":false,"bypassConsent":false,"dataSets":{},"apiTier":"Standard","isCustomApiConnection":false,"actions":["Run"],"nestedActions":[{"id":"/providers/Microsoft.PowerApps/apis/shared_sharepointonline/apiOperations/HttpRequest","apiName":"SharePoint","actionName":"HttpRequest","referencedResources":[{"key":"site","value":"https://thepoweraddicts.sharepoint.com/sites/RDTech"}]}]},"246f9a1e-cdd2-4603-affb-60abbe21ae53":{"id":"445ca4a2-3a87-4370-8163-a2b83108b080","displayName":"SharePoint","iconUri":"https://connectoricons-prod.azureedge.net/u/shgogna/globalperconnector-train1/1.0.1639.3312/sharepointonline/icon.png","dataSources":[],"dependencies":[],"dependents":["5e70ea5f-960f-455b-b6d3-27f7f7bce4f5"],"parameterHints":{},"parameterHintsV2":{},"isOnPremiseConnection":false,"bypassConsent":false,"dataSets":{},"apiTier":"Standard","isCustomApiConnection":false}},"databaseReferences":{},"almMode":"Environment","performanceOptimizationEnabled":true,"canConsumeAppPass":true,"enableModernRuntimeMode":false,"executionRestrictions":{"isTeamsOnly":false,"dataLossPreventionEvaluationResult":{"status":"Compliant","lastEvaluationDate":"2023-07-14T20:19:00.3534238Z","violations":[],"violationsByPolicy":[],"violationErrorMessage":"The app uses the following connectors: shared_logicflows, shared_sharepointonline."},"httpActionRestriction":{"appUsesSharepointHttpAction":true,"enforcementStrategy":"Legacy","evaluationTime":"2023-07-14T20:19:00.3533502Z"}}},"appType":"ClassicCanvasApp","appComponents":[]}}